source,destination,account
172.16.1.21,10.1.0.10,666043672423
192.168.1.23,10.1.0.102,666043672423
192.168.1.55,10.1.2.65,666043672423
172.16.1.232,192.168.1.21,666043672423
172.16.2.242,10.1.2.12,666043672423
192.168.1.55,10.1.2.43,666043672423
192.168.10.53,172.16.3.21,666043672423
10.1.3.21,192.168.1.76,666043672423
10.1.2.20,192.168.1.32,666043672423
172.16.1.232,108.161.138.152,666043672423
10.1.2.65,34.216.78.37,666043672423
172.16.2.242,51.15.82.93,666043672423
172.16.1.232,188.146.131.155,666043672423
192.168.10.53,52.88.186.130,666043672423
192.168.10.53,129.144.62.179,666043672423
192.168.1.55,40.70.134.175,666043672423
10.1.2.65,34.217.108.226,666043672423
192.168.10.53,52.88.186.130,666043672423
10.1.2.65,188.146.131.155,666043672423
103.125.191.136,10.1.0.10,666043672423
188.146.131.155,192.168.1.55,666043672423
34.218.47.231,192.168.10.53,666043672423
34.216.78.37,172.16.1.232,666043672423
87.251.74.56,10.1.0.102,666043672423
76.102.124.169,172.16.1.232,666043672423
142.105.57.15,192.168.10.53,666043672423
111.223.73.130,192.168.10.53,666043672423
108.161.138.152,172.16.2.242,666043672423
111.223.73.130,192.168.1.55,666043672423
205.185.123.210,192.168.10.53,666043672423
111.223.73.130,192.168.10.53,666043672423
129.144.62.179,192.168.10.53,666043672423
205.185.123.210,10.1.0.10,666043672423
34.216.78.37,10.1.2.65,666043672423
54.202.255.47,10.1.0.102,666043672423
87.251.74.56,10.1.0.10,666043672423
129.144.62.179,192.168.1.55,666043672423
34.216.163.39,10.1.2.65,666043672423
76.102.124.169,172.16.1.232,666043672423
108.161.138.152,10.1.0.102,666043672423
117.52.87.230,172.16.1.232,666043672423
103.226.248.72,172.16.1.232,666043672423
142.105.57.15,172.16.2.242,666043672423
52.88.186.130,10.1.0.10,666043672423
103.125.191.136,192.168.10.53,666043672423
111.223.73.130,172.16.2.242,666043672423
13.80.137.40,10.1.0.102,666043672423
51.15.82.93,172.16.1.232,666043672423
34.218.47.231,172.16.2.242,666043672423
129.144.62.179,172.16.1.232,666043672423
134.119.193.57,10.1.0.10,666043672423
111.223.73.130,10.1.0.10,666043672423
134.119.193.57,192.168.1.55,666043672423
54.245.68.218,10.1.2.65,666043672423
104.197.230.188,172.16.1.232,666043672423
103.125.191.136,192.168.10.53,666043672423
205.185.123.210,192.168.10.53,666043672423
87.251.74.56,10.1.2.65,666043672423
108.161.138.152,192.168.1.55,666043672423
10.1.1.40,192.168.1.245,666043672423
172.16.3.30,172.16.1.187,666043672423
172.16.3.198,10.1.2.123,666043672423
10.1.3.190,10.1.2.185,666043672423
172.16.1.187,192.168.1.125,666043672423
10.1.3.127,10.1.1.36,666043672423
10.1.3.201,10.1.1.148,666043672423
172.16.1.141,192.168.5.232,666043672423
192.168.5.207,172.16.2.59,666043672423
192.168.1.95,172.16.1.69,666043672423
192.168.5.214,172.16.3.17,666043672423
10.1.3.132,172.16.1.188,666043672423
172.16.1.11,172.16.3.204,666043672423
10.1.2.172,10.1.2.238,666043672423
10.1.3.17,172.16.1.106,666043672423
172.16.1.94,10.1.3.81,666043672423
10.1.3.199,172.16.1.192,666043672423
10.1.1.213,10.1.2.127,666043672423
10.1.1.150,192.168.5.153,666043672423
10.1.1.222,192.168.5.35,666043672423
10.1.2.128,10.1.4.227,666043672423
172.16.1.24,172.16.3.178,666043672423
10.1.1.54,172.16.3.204,666043672423
192.168.5.71,192.168.5.71,666043672423
10.1.2.201,10.1.1.29,666043672423
10.1.3.160,10.1.2.112,666043672423
10.1.2.198,172.16.3.37,666043672423
172.16.2.59,172.16.3.181,666043672423
10.1.4.105,10.1.1.122,666043672423
10.1.4.176,10.1.4.207,666043672423
10.1.3.206,192.168.5.190,666043672423
172.16.3.15,172.16.3.249,666043672423
172.16.1.229,172.16.1.73,666043672423
10.1.3.211,10.1.4.163,666043672423
10.1.3.78,10.1.3.210,666043672423
10.1.2.19,10.1.3.159,666043672423
192.168.1.217,10.1.1.80,666043672423
172.16.3.166,192.168.5.36,666043672423
10.1.1.33,172.16.2.171,666043672423
10.1.2.62,10.1.3.117,666043672423
10.1.3.192,172.16.1.136,666043672423
10.1.2.228,172.16.2.230,666043672423
172.16.2.105,172.16.1.200,666043672423
10.1.2.81,10.1.1.49,666043672423
192.168.5.231,10.1.2.81,666043672423
10.1.1.42,172.16.2.90,666043672423
172.16.3.84,172.16.2.98,666043672423
10.1.3.115,10.1.2.37,666043672423
10.1.1.151,10.1.1.148,666043672423
172.16.2.201,10.1.4.139,666043672423
10.1.3.180,10.1.3.173,666043672423
192.168.5.18,172.16.2.146,666043672423
172.16.1.134,10.1.1.233,666043672423
10.1.3.56,172.16.1.229,666043672423
172.16.3.230,192.168.5.145,666043672423
172.16.1.229,192.168.1.243,666043672423
10.1.2.207,10.1.3.242,666043672423
192.168.1.29,10.1.4.201,666043672423
10.1.4.30,10.1.3.177,666043672423
172.16.2.102,192.168.1.174,666043672423
192.168.5.49,10.1.4.230,666043672423
172.16.1.67,192.168.5.187,666043672423
10.1.1.175,172.16.3.24,666043672423
10.1.3.204,10.1.2.67,666043672423
192.168.5.50,10.1.4.247,666043672423
172.16.1.91,172.16.1.250,666043672423
172.16.2.205,172.16.3.117,666043672423
172.16.3.199,10.1.2.166,666043672423
192.168.1.48,10.1.3.237,666043672423
10.1.2.93,10.1.2.173,666043672423
192.168.5.204,10.1.3.86,666043672423
10.1.2.92,10.1.2.118,666043672423
10.1.4.130,192.168.1.112,666043672423
172.16.2.97,10.1.3.139,666043672423
172.16.2.251,10.1.3.188,666043672423
10.1.4.69,172.16.2.249,666043672423
10.1.1.246,172.16.1.161,666043672423
10.1.2.193,192.168.5.186,666043672423
10.1.2.119,192.168.5.79,666043672423
10.1.2.107,172.16.3.134,666043672423
10.1.4.181,192.168.1.118,666043672423
192.168.5.238,10.1.1.85,666043672423
192.168.1.23,10.1.3.152,666043672423
10.1.1.110,192.168.1.34,666043672423
10.1.2.42,172.16.3.164,666043672423
172.16.1.70,172.16.2.130,666043672423
10.1.3.140,192.168.1.144,666043672423
172.16.2.199,172.16.1.111,666043672423
10.1.4.233,10.1.1.73,666043672423
192.168.5.199,192.168.1.178,666043672423
10.1.1.118,172.16.3.125,666043672423
10.1.3.137,10.1.3.53,666043672423
192.168.5.121,10.1.4.78,666043672423
192.168.5.250,10.1.1.242,666043672423
10.1.1.57,172.16.2.29,666043672423
192.168.1.42,10.1.2.133,666043672423
10.1.1.215,192.168.5.205,666043672423
172.16.2.217,10.1.1.54,666043672423
172.16.3.19,10.1.3.242,666043672423
172.16.2.32,10.1.4.31,666043672423
10.1.3.13,10.1.2.247,666043672423
172.16.2.34,172.16.1.71,666043672423
192.168.1.53,10.1.2.53,666043672423
10.1.3.98,10.1.4.128,666043672423
10.1.1.239,10.1.2.137,666043672423
10.1.1.66,192.168.1.106,666043672423
172.16.2.170,10.1.3.55,666043672423
172.16.2.84,172.16.2.50,666043672423
192.168.1.105,172.16.3.161,666043672423
192.168.1.10,172.16.1.172,666043672423
10.1.1.55,172.16.3.210,666043672423
172.16.3.204,10.1.1.33,666043672423
172.16.3.189,192.168.5.76,666043672423
172.16.3.177,10.1.1.236,666043672423
192.168.5.67,10.1.4.154,666043672423
172.16.3.156,10.1.2.96,666043672423
10.1.2.43,172.16.1.86,666043672423
172.16.1.31,192.168.5.74,666043672423
10.1.2.71,10.1.4.96,666043672423
192.168.5.155,10.1.1.68,666043672423
172.16.1.207,192.168.5.225,666043672423
10.1.4.70,192.168.1.110,666043672423
172.16.3.20,192.168.5.106,666043672423
10.1.4.14,10.1.4.186,666043672423
192.168.1.54,10.1.1.122,666043672423
10.1.2.26,172.16.3.195,666043672423
10.1.4.85,172.16.3.182,666043672423